id,user_id,num_people,house_type,season,bi_monthly_kwh,monthly_kwh,estimated_bill,num_fans,num_led,num_cfl,num_tube,selected_appliances,appliance_usage,ai_results,source,updated_at,fan_hours,led_hours,tv_hours,pump_hours,mixer_hours,fridge_hours,iron_hours,total_units_estimated,final_breakdown,bill_estimate
100d0be5-a4db-4cfd-8bea-6e0fbb8ab434,c06d901d-8e3d-4a8c-a29f-0b8051e57448,3,independent,monsoon,150,75,547,2,8,5,5,"[""air_conditioner"", ""refrigerator"", ""led_lights"", ""mixer"", ""pump"", ""iron"", ""tv"", ""fans"", ""laptop""]","{""ac_star"": ""5-star"", ""history"": [{""kwh"": 150, ""bill"": 547, ""date"": ""2026-01-28T15:00:30.721Z"", ""mode"": ""Standard""}, {""kwh"": 150, ""bill"": 547, ""date"": ""2026-01-28T16:51:25.607Z"", ""mode"": ""Standard"", ""metrics"": {""model"": ""Hybrid AI-Physics"", ""accuracy"": ""High Accuracy"", ""confidence"": ""98.2""}, ""breakdown"": [{""id"": ""fridge"", ""kwh"": 72.8216602842972, ""cost"": 266, ""name"": ""Refrigerator"", ""percentage"": 48.547773522864794, ""uncertainty"": 26.846060284297188}, {""id"": ""ceiling_fan"", ""kwh"": 20.698907592605483, ""cost"": 75, ""name"": ""Ceiling Fans"", ""percentage"": 13.799271728403657, ""uncertainty"": 4.498907592605482}, {""id"": ""led_light"", ""kwh"": 17.02434919734243, ""cost"": 62, ""name"": ""Led Light"", ""percentage"": 11.349566131561621, ""uncertainty"": 3.4163491973424307}, {""id"": ""system_overhead"", ""kwh"": 14.769486851592065, ""cost"": 54, ""name"": ""System & Unaccounted Load"", ""percentage"": 9.846324567728043, ""uncertainty"": 0}, {""id"": ""ac"", ""kwh"": 8.362727527569561, ""cost"": 30, ""name"": ""Air Conditioner"", ""percentage"": 5.575151685046374, ""uncertainty"": 1.298193564900641}, {""id"": ""television"", ""kwh"": 6.990315241688193, ""cost"": 25, ""name"": ""Television"", ""percentage"": 4.660210161125462, ""uncertainty"": 1.0280519064600524}, {""id"": ""water_pump"", ""kwh"": 4.054124030514941, ""cost"": 15, ""name"": ""Water Pump"", ""percentage"": 2.702749353676627, ""uncertainty"": 0.5209518039344561}, {""id"": ""mixer_grinder"", ""kwh"": 3.828065469234539, ""cost"": 14, ""name"": ""Mixer Grinder"", ""percentage"": 2.5520436461563594, ""uncertainty"": 0.4463154692345385}, {""id"": ""iron"", ""kwh"": 1.450363805155605, ""cost"": 5, ""name"": ""Iron"", ""percentage"": 0.96690920343707, ""uncertainty"": 0.15436380515560505}]}], ""num_cfl"": 5, ""num_led"": 8, ""pump_hp"": ""1.0"", ""tv_size"": ""43"", ""tv_type"": ""LED"", ""ac_hours"": 0.25, ""fan_type"": ""standard"", ""num_fans"": 2, ""num_tube"": 5, ""tv_hours"": 2, ""fan_hours"": 8, ""led_hours"": 7, ""ac_pattern"": ""rare"", ""ac_tonnage"": ""1.0"", ""fridge_age"": ""5-10"", ""iron_hours"": 0.048, ""pump_hours"": 0.21, ""tv_pattern"": ""light"", ""ac_category"": ""Rare / Occasional"", ""fridge_star"": ""5-star"", ""fridge_type"": ""direct"", ""mixer_hours"": 0.167, ""tv_category"": ""Light"", ""ac_age_years"": ""6-10"", ""ac_avg_hours"": 0.5, ""ac_max_hours"": 1, ""ac_min_hours"": 0, ""laptop_hours"": 1.5, ""pump_pattern"": ""rare"", ""tv_avg_hours"": 2, ""tv_max_hours"": 3, ""tv_min_hours"": 1, ""iron_duration"": ""20"", ""location_type"": ""rural"", ""pump_category"": ""Rare / Occasional"", ""iron_frequency"": ""weekly"", ""laptop_pattern"": ""light"", ""mixer_duration"": ""10"", ""pump_avg_hours"": 0.21, ""pump_max_hours"": 0.25, ""pump_min_hours"": 0.17, ""fridge_capacity"": ""215L"", ""laptop_category"": ""Light"", ""microwave_hours"": 0.018, ""mixer_frequency"": ""daily"", ""laptop_avg_hours"": 1.5, ""laptop_max_hours"": 2, ""laptop_min_hours"": 1, ""microwave_duration"": ""15"", ""refrigerator_hours"": 24, ""microwave_frequency"": ""rarely"", ""food_processor_hours"": 0.048, ""refrigerator_pattern"": ""always"", ""refrigerator_category"": ""Always ON"", ""refrigerator_avg_hours"": 24, ""refrigerator_max_hours"": 24, ""refrigerator_min_hours"": 24, ""food_processor_duration"": ""20"", ""food_processor_frequency"": ""weekly""}","{""ac"": {""status"": ""success"", ""details"": {""season"": ""monsoon"", ""ac_hours"": 0.25, ""ac_tonnage"": 1, ""n_occupants"": 3, ""num_ac_units"": 1, ""location_type"": ""urban"", ""ac_star_rating"": 3, ""total_kwh_monthly"": 150}, ""insights"": {""mode"": ""detailed"", ""source"": ""AI_Pure"", ""base_watts"": 1440.0, ""real_watts"": 1453.6844034537714, ""predicted_hours"": 1.2451120615005493, ""efficiency_score"": 0.9905864000320435, ""correction_reason"": null, ""detailed_breakdown"": {""ai_raw"": {""predicted_hours"": 1.2451120615005493, ""predicted_watts"": 1453.6844034537714, ""predicted_efficiency"": 0.9905864000320435}, ""physics_validated"": {""reason"": null, ""corrected"": false, ""final_hours"": 1.2451120615005493, ""final_watts"": 1453.6844034537714, ""rule_version"": ""v1.0"", ""correction_ratio"": 0.0, ""final_efficiency"": 0.9905864000320435}}}, ""prediction"": 54.29999953066565, ""physics_scaled_kwh"": 36.199999687110434}, ""iron"": {""status"": ""success"", ""details"": {""season"": ""monsoon"", ""n_occupants"": 3, ""location_type"": ""urban""}, ""insights"": {""mode"": ""detailed"", ""source"": ""AI_Pure"", ""base_watts"": 1200, ""real_watts"": 1185.9584105802971, ""predicted_hours"": 0.10426032543182373, ""efficiency_score"": 1.0118398666381836, ""correction_reason"": null, ""detailed_breakdown"": {""ai_raw"": {""predicted_hours"": 0.10426032543182373, ""predicted_watts"": 1185.9584105802971, ""predicted_efficiency"": 1.0118398666381836}, ""physics_validated"": {""reason"": null, ""corrected"": false, ""final_hours"": 0.10426032543182373, ""final_watts"": 1185.9584105802971, ""rule_version"": ""v1.0"", ""correction_ratio"": 0.0, ""final_efficiency"": 1.0118398666381836}}}, ""prediction"": 3.709452295071306, ""physics_scaled_kwh"": 3.709452295071306}, ""_meta"": {""diff"": -53.39645564068505, ""bill_input"": 150.0, ""ai_raw_total"": 220.71594297380975, ""physics_total_kwh"": 203.39645564068505}, ""fridge"": {""status"": ""success"", ""details"": {""season"": ""monsoon"", ""fridge_age"": ""5-10"", ""num_fridge"": 1, ""fridge_type"": ""direct"", ""n_occupants"": 3, ""fridge_hours"": 24, ""location_type"": ""urban"", ""fridge_capacity"": ""215L"", ""total_kwh_monthly"": 150, ""fridge_star_rating"": 3}, ""insights"": {""mode"": ""detailed"", ""source"": ""AI_Pure"", ""base_watts"": 165.0, ""real_watts"": 165.0, ""predicted_hours"": 24.0, ""efficiency_score"": 1.0, ""correction_reason"": null, ""detailed_breakdown"": {""ai_raw"": {""predicted_hours"": 24.0, ""predicted_watts"": 165.0, ""predicted_efficiency"": 1.0}, ""physics_validated"": {""reason"": null, ""corrected"": false, ""final_hours"": 24.0, ""final_watts"": 165.0, ""rule_version"": ""v1.0"", ""correction_ratio"": 0.0, ""final_efficiency"": 1.0}}}, ""prediction"": 118.8, ""physics_scaled_kwh"": 118.8}, ""led_light"": {""status"": ""success"", ""details"": {""count"": 1, ""season"": ""monsoon"", ""num_units"": 1, ""n_occupants"": 3, ""location_type"": ""urban"", ""num_led_lights"": 1, ""led_lights_hours"": 0, ""total_kwh_monthly"": 150}, ""insights"": {""mode"": ""detailed"", ""source"": ""AI_Pure"", ""base_watts"": 10, ""real_watts"": 10, ""predicted_hours"": 1.0, ""efficiency_score"": 1.0, ""correction_reason"": ""Unknown Appliance"", ""detailed_breakdown"": {""ai_raw"": {""predicted_hours"": 1.0, ""predicted_watts"": 10, ""predicted_efficiency"": 1.0}, ""physics_validated"": {""reason"": ""Unknown Appliance"", ""corrected"": false, ""final_hours"": 1.0, ""final_watts"": 10, ""correction_ratio"": 0.0, ""final_efficiency"": 1.0}}}, ""prediction"": 0.3, ""physics_scaled_kwh"": 0.3}, ""television"": {""status"": ""success"", ""details"": {""season"": ""monsoon"", ""tv_size"": 43, ""tv_type"": ""LED"", ""n_occupants"": 3, ""location_type"": ""urban"", ""num_televisions"": 1, ""television_type"": ""LED"", ""television_hours"": 0, ""total_kwh_monthly"": 150}, ""insights"": {""mode"": ""detailed"", ""source"": ""AI_Pure"", ""base_watts"": 107.5, ""real_watts"": 106.28227684590652, ""predicted_hours"": 3.26389741897583, ""efficiency_score"": 1.0114574432373047, ""correction_reason"": null, ""detailed_breakdown"": {""ai_raw"": {""predicted_hours"": 3.26389741897583, ""predicted_watts"": 106.28227684590652, ""predicted_efficiency"": 1.0114574432373047}, ""physics_validated"": {""reason"": null, ""corrected"": false, ""final_hours"": 3.26389741897583, ""final_watts"": 106.28227684590652, ""rule_version"": ""v1.0"", ""correction_ratio"": 0.0, ""final_efficiency"": 1.0114574432373047}}}, ""prediction"": 10.406833472406868, ""physics_scaled_kwh"": 11.187345982837384}, ""water_pump"": {""status"": ""success"", ""details"": {""season"": ""monsoon"", ""n_occupants"": 3, ""location_type"": ""urban"", ""water_pump_hp"": 1.0, ""water_pump_hours"": 0.0, ""water_pump_usage_hours_per_day"": null}, ""insights"": {""mode"": ""detailed"", ""source"": ""AI_Pure"", ""base_watts"": 746.0, ""real_watts"": 837.0725392683219, ""predicted_hours"": 0.391147255897522, ""efficiency_score"": 0.8912011384963989, ""correction_reason"": null, ""detailed_breakdown"": {""ai_raw"": {""predicted_hours"": 0.391147255897522, ""predicted_watts"": 837.0725392683219, ""predicted_efficiency"": 0.8912011384963989}, ""physics_validated"": {""reason"": null, ""corrected"": false, ""final_hours"": 0.391147255897522, ""final_watts"": 837.0725392683219, ""rule_version"": ""v1.0"", ""correction_ratio"": 0.0, ""final_efficiency"": 0.8912011384963989}}}, ""prediction"": 9.822558801659245, ""physics_scaled_kwh"": 9.822558801659245}, ""ceiling_fan"": {""status"": ""success"", ""details"": {""season"": ""monsoon"", ""fan_size"": 1200, ""fan_type"": ""standard"", ""n_occupants"": 3, ""location_type"": ""urban"", ""ceiling_fan_age"": 5, ""ceiling_fan_type"": ""standard"", ""num_ceiling_fans"": 1, ""ceiling_fan_hours"": 0, ""total_kwh_monthly"": 150}, ""insights"": {""mode"": ""detailed"", ""source"": ""AI_Pure"", ""base_watts"": 75, ""real_watts"": 76.08891417342662, ""predicted_hours"": 8.291017532348633, ""efficiency_score"": 0.9856889247894287, ""correction_reason"": null, ""detailed_breakdown"": {""ai_raw"": {""predicted_hours"": 8.291017532348633, ""predicted_watts"": 76.08891417342662, ""predicted_efficiency"": 0.9856889247894287}, ""physics_validated"": {""reason"": null, ""corrected"": false, ""final_hours"": 8.291017532348633, ""final_watts"": 76.08891417342662, ""rule_version"": ""v1.0"", ""correction_ratio"": 0.0, ""final_efficiency"": 0.9856889247894287}}}, ""prediction"": 18.925635642877513, ""physics_scaled_kwh"": 18.925635642877513}, ""mixer_grinder"": {""status"": ""success"", ""details"": {""season"": ""monsoon"", ""n_occupants"": 3, ""location_type"": ""urban""}, ""insights"": {""mode"": ""detailed"", ""source"": ""AI_Pure"", ""base_watts"": 500, ""real_watts"": 496.09662703582694, ""predicted_hours"": 0.2990992069244385, ""efficiency_score"": 1.0078681707382202, ""correction_reason"": null, ""detailed_breakdown"": {""ai_raw"": {""predicted_hours"": 0.2990992069244385, ""predicted_watts"": 496.09662703582694, ""predicted_efficiency"": 1.0078681707382202}, ""physics_validated"": {""reason"": null, ""corrected"": false, ""final_hours"": 0.2990992069244385, ""final_watts"": 496.09662703582694, ""rule_version"": ""v1.0"", ""correction_ratio"": 0.0, ""final_efficiency"": 1.0078681707382202}}}, ""prediction"": 4.451463231129144, ""physics_scaled_kwh"": 4.451463231129144}}",app,2026-02-07 17:41:37.256,8,7,2,0.21,0.167,22,0.048,,"{""metrics"": {""model"": ""Hybrid AI-Physics"", ""accuracy"": ""High Accuracy"", ""confidence"": ""97.3""}, ""rawTotal"": 117.8786116454659, ""anomalies"": {""laptop"": {""type"": ""Health"", ""status"": ""efficiency_critical"", ""message"": ""CRITICAL: laptop is consuming 25% more power than rated! Check for service.""}, ""television"": {""type"": ""Health"", ""status"": ""efficiency_critical"", ""message"": ""CRITICAL: television is consuming 25% more power than rated! Check for service.""}}, ""breakdown"": [{""id"": ""ceiling_fan"", ""kwh"": 45.0107372245659, ""cost"": 164, ""name"": ""Ceiling Fans"", ""percentage"": 30.007158149710598, ""uncertainty"": 12.610737224565897}, {""id"": ""fridge"", ""kwh"": 44.64919783775073, ""cost"": 163, ""name"": ""Refrigerator"", ""percentage"": 29.76613189183382, ""uncertainty"": 12.466277837750727}, {""id"": ""led_light"", ""kwh"": 16.709494046413422, ""cost"": 61, ""name"": ""Led Light"", ""percentage"": 11.139662697608948, ""uncertainty"": 3.101494046413424}, {""id"": ""system_overhead"", ""kwh"": 11.242485924086935, ""cost"": 41, ""name"": ""System & Unaccounted Load"", ""percentage"": 7.494990616057957, ""uncertainty"": 0}, {""id"": ""ac"", ""kwh"": 10.476105289949137, ""cost"": 38, ""name"": ""Air Conditioner"", ""percentage"": 6.9840701932994245, ""uncertainty"": 1.6494798528086712}, {""id"": ""television"", ""kwh"": 7.971092627697486, ""cost"": 29, ""name"": ""Television"", ""percentage"": 5.314061751798324, ""uncertainty"": 1.1559208260348564}, {""id"": ""water_pump"", ""kwh"": 5.072209134672134, ""cost"": 18, ""name"": ""Water Pump"", ""percentage"": 3.3814727564480895, ""uncertainty"": 0.6577653774859596}, {""id"": ""mixer_grinder"", ""kwh"": 3.816398543075606, ""cost"": 14, ""name"": ""Mixer Grinder"", ""percentage"": 2.5442656953837375, ""uncertainty"": 0.4346485430756059}, {""id"": ""laptop"", ""kwh"": 3.6036290640530715, ""cost"": 13, ""name"": ""Laptop"", ""percentage"": 2.402419376035381, ""uncertainty"": 0.4377895791230331}, {""id"": ""iron"", ""kwh"": 1.4486503077355832, ""cost"": 5, ""name"": ""Iron"", ""percentage"": 0.9657668718237221, ""uncertainty"": 0.15265030773558325}], ""totalUsage"": 150, ""predictions"": {""ac"": 9.807361596822739, ""iron"": 1.44, ""fridge"": 35.7588, ""laptop"": 3.5175994277000426, ""led_light"": 15.12, ""television"": 7.572413112958477, ""water_pump"": 4.904937507984638, ""ceiling_fan"": 36, ""mixer_grinder"": 3.7575000000000003}, ""billEstimate"": 547, ""uncertainties"": {""ac"": 0.9807361596822739, ""iron"": 0.144, ""fridge"": 3.57588, ""laptop"": 0.3517599427700043, ""led_light"": 1.512, ""television"": 0.7572413112958478, ""water_pump"": 0.4904937507984638, ""ceiling_fan"": 3.6, ""mixer_grinder"": 0.37575000000000003}}",
1cc49f3d-1a2e-46c6-a866-9f908add0df3,60a37d9e-3ebf-42d2-8de2-60a2fb918d95,4,Apartment,Monsoon (June - September),375600,187800,3354110,,,,,[],{},,app,2025-12-10 15:49:38.998,,,,,,,,,,
1fde9237-0209-47c7-ad9e-bc70c1fd8c97,e27619ae-5932-4407-b116-4031e22eff80,4,independent,winter,250,125,1017.5,3,15,5,5,"[""air_conditioner"", ""refrigerator"", ""mixer"", ""tv"", ""desktop"", ""laptop"", ""pump"", ""iron"", ""fans"", ""led_lights""]","{""history"": [{""kwh"": 250, ""bill"": 1017, ""date"": ""2025-12-18T15:12:19.803Z"", ""mode"": ""Standard""}], ""num_cfl"": 5, ""num_led"": 15, ""num_fans"": 3, ""num_tube"": 5}",,app,2025-12-18 15:12:19.803,,,,,,,,,"{""metrics"": {""model"": ""Hybrid AI-Physics"", ""accuracy"": ""High Accuracy"", ""confidence"": ""97.1""}, ""rawTotal"": 491.0014641845226, ""anomalies"": {}, ""breakdown"": [{""id"": ""ac"", ""kwh"": 165.73566563422202, ""cost"": 675, ""name"": ""Air Conditioner"", ""percentage"": 66.2942662536888, ""uncertainty"": 16.5735665634222}, {""id"": ""fridge"", ""kwh"": 26.3377524168443, ""cost"": 107, ""name"": ""Refrigerator"", ""percentage"": 10.535100966737721, ""uncertainty"": 2.63377524168443}, {""id"": ""desktop"", ""kwh"": 14.47158856223111, ""cost"": 59, ""name"": ""Desktop"", ""percentage"": 5.788635424892444, ""uncertainty"": 1.447158856223111}, {""id"": ""system_overhead"", ""kwh"": 12.5, ""cost"": 51, ""name"": ""System & Unaccounted Load"", ""percentage"": 5, ""uncertainty"": 0}, {""id"": ""led_light"", ""kwh"": 9.819597563308395, ""cost"": 40, ""name"": ""Led Light"", ""percentage"": 3.927839025323358, ""uncertainty"": 0.9819597563308397}, {""id"": ""mixer_grinder"", ""kwh"": 5.441684383645516, ""cost"": 22, ""name"": ""Mixer Grinder"", ""percentage"": 2.1766737534582066, ""uncertainty"": 0.5441684383645516}, {""id"": ""water_pump"", ""kwh"": 4.383544265222177, ""cost"": 18, ""name"": ""Water Pump"", ""percentage"": 1.753417706088871, ""uncertainty"": 0.4383544265222178}, {""id"": ""laptop"", ""kwh"": 3.465979135501469, ""cost"": 14, ""name"": ""Laptop"", ""percentage"": 1.3863916542005876, ""uncertainty"": 0.34659791355014696}, {""id"": ""ceiling_fan"", ""kwh"": 3.2650106301873096, ""cost"": 13, ""name"": ""Ceiling Fans"", ""percentage"": 1.3060042520749238, ""uncertainty"": 0.326501063018731}, {""id"": ""iron"", ""kwh"": 2.9022316712776086, ""cost"": 12, ""name"": ""Iron"", ""percentage"": 1.1608926685110434, ""uncertainty"": 0.2902231671277609}, {""id"": ""television"", ""kwh"": 1.6769457375600931, ""cost"": 7, ""name"": ""Television"", ""percentage"": 0.6707782950240372, ""uncertainty"": 0.16769457375600935}], ""totalUsage"": 250, ""predictions"": {""ac"": 342.6377031326294, ""iron"": 6, ""fridge"": 54.45, ""laptop"": 7.165477180480957, ""desktop"": 29.91819441318512, ""led_light"": 20.300786447525024, ""television"": 3.466875, ""water_pump"": 9.062428010702133, ""ceiling_fan"": 6.75, ""mixer_grinder"": 11.25}, ""billEstimate"": 1017.5, ""uncertainties"": {""ac"": 34.26377031326294, ""iron"": 0.6000000000000001, ""fridge"": 5.445, ""laptop"": 0.7165477180480958, ""desktop"": 2.991819441318512, ""led_light"": 2.0300786447525025, ""television"": 0.34668750000000004, ""water_pump"": 0.9062428010702134, ""ceiling_fan"": 0.675, ""mixer_grinder"": 1.125}}",
24e87163-bade-42f9-9eff-a221a4e04f5d,539d1d25-54dd-4228-96e8-8be3de3229c7,4,,,300,,0,2,7,1,1,"[""fans"", ""led_lights"", ""mixer"", ""toaster"", ""coffee_maker"", ""food_processor"", ""rice_cooker"", ""air_conditioner"", ""washing_machine"", ""microwave"", ""induction"", ""refrigerator"", ""geyser"", ""kettle"", ""tv"", ""laptop"", ""iron"", ""vacuum"", ""hair_dryer"", ""pump"", ""desktop"", ""cfl_lights"", ""tube_lights""]","{""history"": [], ""num_cfl"": 1, ""num_led"": 7, ""pump_hp"": ""2.0"", ""tv_size"": ""43"", ""tv_type"": ""lcd"", ""fan_type"": ""standard"", ""num_fans"": 2, ""num_tube"": 1, ""tv_hours"": 1, ""tv_sound"": false, ""tv_watts"": 84, ""iron_hours"": 0.107, ""pump_hours"": 0.25, ""pump_watts"": 1492, ""fans _hours"": 20, ""mixer_hours"": 0.25, ""geyser_hours"": 0.25, ""geyser_watts"": 2000, ""pump_pattern"": ""minimal"", ""iron_duration"": ""15"", ""laptop _hours"": 2, ""pump_category"": ""Minimal"", ""toaster_hours"": 0.012, ""desktop _hours"": 10, ""iron_frequency"": ""2-3"", ""mixer_duration"": ""15"", ""pump_avg_hours"": 0.25, ""pump_max_hours"": 0.25, ""pump_min_hours"": 0.25, ""geyser_duration"": ""15"", ""mixer_frequency"": ""daily"", ""geyser_frequency"": ""daily"", ""hair_dryer_hours"": 0.036, ""led_lights_hours"": 7, ""toaster_duration"": ""5"", ""toaster_frequency"": ""weekly"", ""tube_lights_hours"": 12, ""coffee_maker_hours"": 0.107, ""hair_dryer_duration"": ""15"", ""food_processor_hours"": 0.036, ""hair_dryer_frequency"": ""weekly"", ""coffee_maker_duration"": ""15"", ""usage_mode_Television"": ""pattern"", ""coffee_maker_frequency"": ""2-3"", ""usage_mode_Ceiling Fan"": ""exact"", ""food_processor_duration"": ""15"", ""food_processor_frequency"": ""weekly"", ""usage_mode_Washing Machine"": ""exact""}",,app,2026-01-25 16:06:24.155,,,1,0.25,0.25,,0.107,,"{""metrics"": {""model"": ""Hybrid AI-Physics"", ""accuracy"": ""High Accuracy"", ""confidence"": ""98.2""}, ""rawTotal"": 236.8, ""anomalies"": {}, ""breakdown"": [{""id"": ""system_overhead"", ""kwh"": 22.119999999999994, ""cost"": 0, ""name"": ""System & Unaccounted Load"", ""percentage"": 7.373333333333331, ""uncertainty"": 0}, {""id"": ""washing_machine"", ""kwh"": 17.236993604761604, ""cost"": 0, ""name"": ""Washing Machine"", ""percentage"": 5.745664534920534, ""uncertainty"": 1.276993604761603}, {""id"": ""ceiling_fan"", ""kwh"": 11.935381256916113, ""cost"": 0, ""name"": ""Ceiling Fans"", ""percentage"": 3.978460418972038, ""uncertainty"": 6.935381256916113}, {""id"": ""led_light"", ""kwh"": 11.935381256916113, ""cost"": 0, ""name"": ""Led Light"", ""percentage"": 3.978460418972038, ""uncertainty"": 6.935381256916113}, {""id"": ""toaster"", ""kwh"": 11.935381256916113, ""cost"": 0, ""name"": ""Toaster"", ""percentage"": 3.978460418972038, ""uncertainty"": 6.935381256916113}, {""id"": ""coffee_maker"", ""kwh"": 11.935381256916113, ""cost"": 0, ""name"": ""Coffee Maker"", ""percentage"": 3.978460418972038, ""uncertainty"": 6.935381256916113}, {""id"": ""food_processor"", ""kwh"": 11.935381256916113, ""cost"": 0, ""name"": ""Food Processor"", ""percentage"": 3.978460418972038, ""uncertainty"": 6.935381256916113}, {""id"": ""rice_cooker"", ""kwh"": 11.935381256916113, ""cost"": 0, ""name"": ""Rice Cooker"", ""percentage"": 3.978460418972038, ""uncertainty"": 6.935381256916113}, {""id"": ""ac"", ""kwh"": 11.935381256916113, ""cost"": 0, ""name"": ""Air Conditioner"", ""percentage"": 3.978460418972038, ""uncertainty"": 6.935381256916113}, {""id"": ""microwave"", ""kwh"": 11.935381256916113, ""cost"": 0, ""name"": ""Microwave"", ""percentage"": 3.978460418972038, ""uncertainty"": 6.935381256916113}, {""id"": ""induction"", ""kwh"": 11.935381256916113, ""cost"": 0, ""name"": ""Induction"", ""percentage"": 3.978460418972038, ""uncertainty"": 6.935381256916113}, {""id"": ""fridge"", ""kwh"": 11.935381256916113, ""cost"": 0, ""name"": ""Refrigerator"", ""percentage"": 3.978460418972038, ""uncertainty"": 6.935381256916113}, {""id"": ""water_heater"", ""kwh"": 11.935381256916113, ""cost"": 0, ""name"": ""Water Heater"", ""percentage"": 3.978460418972038, ""uncertainty"": 6.935381256916113}, {""id"": ""kettle"", ""kwh"": 11.935381256916113, ""cost"": 0, ""name"": ""Kettle"", ""percentage"": 3.978460418972038, ""uncertainty"": 6.935381256916113}, {""id"": ""television"", ""kwh"": 11.935381256916113, ""cost"": 0, ""name"": ""Television"", ""percentage"": 3.978460418972038, ""uncertainty"": 6.935381256916113}, {""id"": ""laptop"", ""kwh"": 11.935381256916113, ""cost"": 0, ""name"": ""Laptop"", ""percentage"": 3.978460418972038, ""uncertainty"": 6.935381256916113}, {""id"": ""hair_dryer"", ""kwh"": 11.935381256916113, ""cost"": 0, ""name"": ""Hair Dryer"", ""percentage"": 3.978460418972038, ""uncertainty"": 6.935381256916113}, {""id"": ""water_pump"", ""kwh"": 11.935381256916113, ""cost"": 0, ""name"": ""Water Pump"", ""percentage"": 3.978460418972038, ""uncertainty"": 6.935381256916113}, {""id"": ""desktop"", ""kwh"": 11.935381256916113, ""cost"": 0, ""name"": ""Desktop"", ""percentage"": 3.978460418972038, ""uncertainty"": 6.935381256916113}, {""id"": ""cfl_bulb"", ""kwh"": 11.935381256916113, ""cost"": 0, ""name"": ""Cfl Bulb"", ""percentage"": 3.978460418972038, ""uncertainty"": 6.935381256916113}, {""id"": ""tube_light"", ""kwh"": 11.935381256916106, ""cost"": 0, ""name"": ""Tube Light"", ""percentage"": 3.978460418972035, ""uncertainty"": 6.935381256916107}, {""id"": ""vacuum"", ""kwh"": 11.54830500553289, ""cost"": 0, ""name"": ""Vacuum"", ""percentage"": 3.8494350018442964, ""uncertainty"": 6.548305005532891}, {""id"": ""mixer_grinder"", ""kwh"": 11.161228754149668, ""cost"": 0, ""name"": ""Mixer Grinder"", ""percentage"": 3.720409584716556, ""uncertainty"": 6.161228754149668}, {""id"": ""iron"", ""kwh"": 11.161228754149668, ""cost"": 0, ""name"": ""Iron"", ""percentage"": 3.720409584716556, ""uncertainty"": 6.161228754149668}], ""totalUsage"": 300, ""predictions"": {""ac"": 10, ""iron"": 10, ""fridge"": 10, ""kettle"": 10, ""laptop"": 10, ""vacuum"": 10, ""desktop"": 10, ""toaster"": 10, ""cfl_bulb"": 10, ""induction"": 10, ""led_light"": 10, ""microwave"": 10, ""hair_dryer"": 10, ""television"": 10, ""tube_light"": 10, ""water_pump"": 10, ""ceiling_fan"": 10, ""rice_cooker"": 10, ""coffee_maker"": 10, ""water_heater"": 10, ""mixer_grinder"": 10, ""food_processor"": 10, ""washing_machine"": 16.8}, ""billEstimate"": 0, ""uncertainties"": {""ac"": 5, ""iron"": 5, ""fridge"": 5, ""kettle"": 5, ""laptop"": 5, ""vacuum"": 5, ""desktop"": 5, ""toaster"": 5, ""cfl_bulb"": 5, ""induction"": 5, ""led_light"": 5, ""microwave"": 5, ""hair_dryer"": 5, ""television"": 5, ""tube_light"": 5, ""water_pump"": 5, ""ceiling_fan"": 5, ""rice_cooker"": 5, ""coffee_maker"": 5, ""water_heater"": 5, ""mixer_grinder"": 5, ""food_processor"": 5, ""washing_machine"": 0.8400000000000001}}",
3e7e25b6-f5fd-4992-8e12-f537ff3588f5,80d76d73-e735-4536-821d-467b837e852b,3,apartment,monsoon,46,23,155.48,3,6,20,5,"[""air_conditioner"", ""refrigerator"", ""washing_machine"", ""geyser"", ""mixer"", ""laptop"", ""pump"", ""iron"", ""fans"", ""tube_lights"", ""induction"", ""microwave"", ""toaster"", ""desktop"", ""hair_dryer"", ""cfl_lights""]","{""history"": [{""kwh"": 375, ""bill"": 1810, ""date"": ""2025-12-21T14:31:00.496Z"", ""mode"": ""Standard""}, {""kwh"": 46, ""bill"": 155, ""date"": ""2026-01-24T08:29:54.608Z"", ""mode"": ""Standard""}], ""num_cfl"": 20, ""num_led"": 6, ""num_fans"": 3, ""num_tube"": 5, ""wm_hours"": 0, ""fan_hours"": 12, ""led_hours"": 7, ""wm_pattern"": ""very_heavy"", ""fan_pattern"": ""most"", ""led_pattern"": ""morning-evening"", ""wm_category"": ""Very Heavy"", ""fan_category"": ""Most of day"", ""fridge_hours"": 24, ""geyser_hours"": 6.5, ""led_category"": ""Morning & evening"", ""wm_avg_hours"": 0, ""wm_max_hours"": 0, ""wm_min_hours"": 0, ""fan_avg_hours"": 12, ""fan_max_hours"": 16, ""fan_min_hours"": 8, ""led_avg_hours"": 7, ""led_max_hours"": 8, ""led_min_hours"": 6, ""fridge_pattern"": ""always"", ""geyser_pattern"": ""heavy"", ""fridge_category"": ""Always running"", ""geyser_category"": ""Heavy"", ""fridge_avg_hours"": 24, ""fridge_max_hours"": 24, ""fridge_min_hours"": 24, ""geyser_avg_hours"": 6.5, ""geyser_max_hours"": 10, ""geyser_min_hours"": 3}",,app,2026-01-24 08:29:54.608,12,7,,,,24,,,"{""metrics"": {""model"": ""Hybrid AI-Physics"", ""accuracy"": ""High Accuracy"", ""confidence"": ""96.2""}, ""rawTotal"": 1064.2204353618622, ""anomalies"": {""water_heater"": {""type"": ""Behavior"", ""status"": ""Usage_Anomaly"", ""message"": ""Critical: Geyser running > 3h/day!""}}, ""breakdown"": [{""id"": ""water_heater"", ""kwh"": 15.922880475212807, ""cost"": 54, ""name"": ""Water Heater"", ""percentage"": 34.61495755481045, ""uncertainty"": 1.5922880475212808}, {""id"": ""ac"", ""kwh"": 15.07622883619275, ""cost"": 51, ""name"": ""Air Conditioner"", ""percentage"": 32.7744105134625, ""uncertainty"": 1.5076228836192749}, {""id"": ""induction"", ""kwh"": 2.463775278951915, ""cost"": 8, ""name"": ""Induction"", ""percentage"": 5.356033215112858, ""uncertainty"": 0.24637752789519146}, {""id"": ""fridge"", ""kwh"": 2.4391375261623955, ""cost"": 8, ""name"": ""Refrigerator"", ""percentage"": 5.302472882961729, ""uncertainty"": 0.24391375261623957}, {""id"": ""system_overhead"", ""kwh"": 2.3000000000000003, ""cost"": 8, ""name"": ""System & Unaccounted Load"", ""percentage"": 5, ""uncertainty"": 0}, {""id"": ""cfl_bulb"", ""kwh"": 2.178916793438244, ""cost"": 7, ""name"": ""Cfl Bulb"", ""percentage"": 4.7367756379092265, ""uncertainty"": 0.21789167934382445}, {""id"": ""desktop"", ""kwh"": 1.2366434560791923, ""cost"": 4, ""name"": ""Desktop"", ""percentage"": 2.6883553393025923, ""uncertainty"": 0.12366434560791922}, {""id"": ""tube_light"", ""kwh"": 1.2115649051007296, ""cost"": 4, ""name"": ""Tube Light"", ""percentage"": 2.6338367502189772, ""uncertainty"": 0.12115649051007298}, {""id"": ""microwave"", ""kwh"": 0.7391325836855744, ""cost"": 2, ""name"": ""Microwave"", ""percentage"": 1.6068099645338574, ""uncertainty"": 0.07391325836855744}, {""id"": ""washing_machine"", ""kwh"": 0.5297116849746617, ""cost"": 2, ""name"": ""Washing Machine"", ""percentage"": 1.1515471412492646, ""uncertainty"": 0.05297116849746617}, {""id"": ""mixer_grinder"", ""kwh"": 0.461957864803484, ""cost"": 2, ""name"": ""Mixer Grinder"", ""percentage"": 1.0042562278336609, ""uncertainty"": 0.0461957864803484}, {""id"": ""water_pump"", ""kwh"": 0.3734937993888114, ""cost"": 1, ""name"": ""Water Pump"", ""percentage"": 0.8119430421495899, ""uncertainty"": 0.03734937993888114}, {""id"": ""laptop"", ""kwh"": 0.290989205245868, ""cost"": 1, ""name"": ""Laptop"", ""percentage"": 0.6325852287953653, ""uncertainty"": 0.02909892052458681}, {""id"": ""ceiling_fan"", ""kwh"": 0.2771747188820904, ""cost"": 1, ""name"": ""Ceiling Fans"", ""percentage"": 0.6025537367001965, ""uncertainty"": 0.02771747188820904}, {""id"": ""iron"", ""kwh"": 0.24637752789519146, ""cost"": 1, ""name"": ""Iron"", ""percentage"": 0.5356033215112858, ""uncertainty"": 0.02463775278951915}, {""id"": ""hair_dryer"", ""kwh"": 0.14925066463250164, ""cost"": 1, ""name"": ""Hair Dryer"", ""percentage"": 0.3244579665923949, ""uncertainty"": 0.014925066463250165}, {""id"": ""toaster"", ""kwh"": 0.10276467935378772, ""cost"": 0, ""name"": ""Toaster"", ""percentage"": 0.22340147685606027, ""uncertainty"": 0.010276467935378774}], ""totalUsage"": 46, ""predictions"": {""ac"": 367.1494465827942, ""iron"": 6, ""fridge"": 59.4, ""laptop"": 7.086422395706177, ""desktop"": 30.11581778526306, ""toaster"": 2.502614915370941, ""cfl_bulb"": 53.06287822723389, ""induction"": 60, ""microwave"": 18, ""hair_dryer"": 3.6346820890903473, ""tube_light"": 29.505083084106445, ""water_pump"": 9.095646082162856, ""ceiling_fan"": 6.75, ""water_heater"": 387.7678442001343, ""mixer_grinder"": 11.25, ""washing_machine"": 12.9}, ""billEstimate"": 155.48, ""uncertainties"": {""ac"": 36.71494465827942, ""iron"": 0.6000000000000001, ""fridge"": 5.94, ""laptop"": 0.7086422395706178, ""desktop"": 3.011581778526306, ""toaster"": 0.25026149153709415, ""cfl_bulb"": 5.306287822723389, ""induction"": 6, ""microwave"": 1.8, ""hair_dryer"": 0.36346820890903475, ""tube_light"": 2.9505083084106447, ""water_pump"": 0.9095646082162857, ""ceiling_fan"": 0.675, ""water_heater"": 38.77678442001343, ""mixer_grinder"": 1.125, ""washing_machine"": 1.29}}",
40f4ef8a-2ce8-4c73-a9f0-c57d7faab329,0c309562-0bee-4d46-9926-7af6e549b373,4,,,300,,,5,15,5,5,"[""iron"", ""laptop"", ""kettle"", ""tv"", ""rice_cooker"", ""desktop"", ""washing_machine""]","{""ac_star"": ""3-star"", ""num_cfl"": 5, ""num_led"": 15, ""ac_hours"": 22, ""num_fans"": 5, ""num_tube"": 5, ""fridge_star"": ""3-star"", ""fridge_hours"": 22, ""usage_mode_Refrigerator"": ""exact"", ""usage_mode_Air Conditioner"": ""exact""}",,app,2025-12-08 15:50:00.249,,,,,,22,,,,
52a4f13d-94a3-4e32-b749-32c091600551,1c606258-2322-4776-937e-bb45fc45eb7c,4,,,300,,,,,,,[],{},,app,2025-11-28 16:36:32.977,,,,,,,,,,
567e8d1c-3f3e-4926-8e76-0c3d8703beac,72924d5f-b632-49d2-aef0-d1207edfdb33,3,independent,monsoon,150,75,547,1,8,5,5,"[""air_conditioner"", ""refrigerator"", ""mixer"", ""tv"", ""laptop"", ""pump"", ""iron"", ""fans"", ""led_lights""]","{""ac_age"": ""5-10"", ""ac_star"": ""5-star"", ""ac_type"": ""split"", ""history"": [{""kwh"": 150, ""bill"": 547, ""date"": ""2026-01-15T14:43:09.529Z"", ""mode"": ""Standard""}], ""num_cfl"": 5, ""num_led"": 8, ""pump_hp"": ""1.0"", ""tv_size"": ""43"", ""tv_type"": ""LED"", ""ac_hours"": 0.25, ""fan_type"": ""standard"", ""num_fans"": 1, ""num_tube"": 5, ""led_hours"": 7, ""ac_tonnage"": ""1.0"", ""fridge_age"": ""5-10"", ""iron_hours"": 0.04, ""pump_hours"": 0.38, ""fridge_star"": ""5-star"", ""fridge_type"": ""frost"", ""led_pattern"": ""morning-evening"", ""mixer_hours"": 0.21, ""iron_pattern"": ""weekly"", ""laptop_hours"": 3, ""led_category"": ""Morning & evening"", ""pump_pattern"": ""minimal"", ""iron_category"": ""Weekly 15 min"", ""led_avg_hours"": 7, ""led_max_hours"": 8, ""led_min_hours"": 6, ""location_type"": ""rural"", ""mixer_pattern"": ""rarely"", ""pump_category"": ""Minimal"", ""iron_avg_hours"": 0.04, ""iron_max_hours"": 0.04, ""iron_min_hours"": 0.04, ""laptop_pattern"": ""light"", ""mixer_category"": ""Rarely"", ""pump_avg_hours"": 0.38, ""pump_max_hours"": 0.5, ""pump_min_hours"": 0.25, ""fridge_capacity"": ""215L"", ""laptop_category"": ""Light"", ""mixer_avg_hours"": 0.21, ""mixer_max_hours"": 0.25, ""mixer_min_hours"": 0.17, ""laptop_avg_hours"": 3, ""laptop_max_hours"": 4, ""laptop_min_hours"": 2, ""refrigerator_hours"": 24, ""refrigerator_pattern"": ""always"", ""refrigerator_category"": ""Always ON"", ""refrigerator_avg_hours"": 24, ""refrigerator_max_hours"": 24, ""refrigerator_min_hours"": 24, ""usage_mode_Air Conditioner"": ""exact""}",,app,2026-01-31 04:53:05.428,,7,,0.38,0.21,,0.04,,"{""metrics"": {""model"": ""Hybrid AI-Physics"", ""accuracy"": ""High Accuracy"", ""confidence"": ""93.5""}, ""rawTotal"": 89.12005038399697, ""anomalies"": {}, ""breakdown"": [{""id"": ""fridge"", ""kwh"": 82.26986542693398, ""cost"": 300, ""name"": ""Refrigerator"", ""percentage"": 54.846576951289315, ""uncertainty"": 40.125565426933974}, {""id"": ""system_overhead"", ""kwh"": 21.30798236560106, ""cost"": 78, ""name"": ""System & Unaccounted Load"", ""percentage"": 14.205321577067373, ""uncertainty"": 0}, {""id"": ""led_light"", ""kwh"": 12.963258906109784, ""cost"": 47, ""name"": ""Led Light"", ""percentage"": 8.64217260407319, ""uncertainty"": 3.0582984416322456}, {""id"": ""ac"", ""kwh"": 7.954599219985454, ""cost"": 29, ""name"": ""Air Conditioner"", ""percentage"": 5.3030661466569695, ""uncertainty"": 0.8295992199854535}, {""id"": ""water_pump"", ""kwh"": 7.569957174142672, ""cost"": 28, ""name"": ""Water Pump"", ""percentage"": 5.046638116095115, ""uncertainty"": 1.4333194363868969}, {""id"": ""laptop"", ""kwh"": 5.785879209611366, ""cost"": 21, ""name"": ""Laptop"", ""percentage"": 3.8572528064075775, ""uncertainty"": 0.9914195662474135}, {""id"": ""mixer_grinder"", ""kwh"": 4.941516516494671, ""cost"": 18, ""name"": ""Mixer Grinder"", ""percentage"": 3.2943443443297804, ""uncertainty"": 0.6890165164946715}, {""id"": ""television"", ""kwh"": 3.661148033485686, ""cost"": 13, ""name"": ""Television"", ""percentage"": 2.440765355657124, ""uncertainty"": 0.5409605334856862}, {""id"": ""ceiling_fan"", ""kwh"": 2.331827859597382, ""cost"": 9, ""name"": ""Ceiling Fans"", ""percentage"": 1.5545519063982545, ""uncertainty"": 0.3068278595973816}, {""id"": ""iron"", ""kwh"": 1.213965288037953, ""cost"": 4, ""name"": ""Iron"", ""percentage"": 0.809310192025302, ""uncertainty"": 0.13396528803795313}], ""totalUsage"": 150, ""predictions"": {""ac"": 7.5, ""iron"": 1.2, ""fridge"": 46.827, ""laptop"": 5.327177381515503, ""led_light"": 11.005511627197265, ""television"": 3.466875, ""water_pump"": 6.818486375284195, ""ceiling_fan"": 2.25, ""mixer_grinder"": 4.725}, ""billEstimate"": 547, ""uncertainties"": {""ac"": 0.375, ""iron"": 0.12, ""fridge"": 4.6827, ""laptop"": 0.5327177381515503, ""led_light"": 1.1005511627197266, ""television"": 0.34668750000000004, ""water_pump"": 0.6818486375284195, ""ceiling_fan"": 0.225, ""mixer_grinder"": 0.4725}}",
6a14db55-69c6-4b85-ab7e-c8146585d819,669f1a99-01d3-49f1-8100-d7c205430614,5,independent,winter,300,,1279,,,,,[],{},,app,2025-11-26 17:36:47.032,,,,,,,,,,
836441eb-4a66-4b62-be38-1e2871c625e3,c2234271-fbc7-470c-8e20-26d52468e5c7,4,urban,summer,,,123.45,,,,,,"[{""details"": {""season"": ""summer"", ""fan_type"": ""standard"", ""n_occupants"": 4, ""location_type"": ""urban"", ""fan_star_rating"": 5, ""num_ceiling_fans"": 2, ""fan_hours_per_day"": 8.0}, ""total_bill"": 123.45, ""appliance_name"": ""ceiling_fan""}]","{""ceiling_fan"": {""status"": ""success"", ""details"": {""season"": ""summer"", ""fan_type"": ""standard"", ""n_occupants"": 4, ""location_type"": ""urban"", ""fan_star_rating"": 5, ""num_ceiling_fans"": 2, ""fan_hours_per_day"": 8.0}, ""insights"": {""source"": ""Pure_Physics_Fallback"", ""anomaly"": {""type"": ""None"", ""status"": ""Normal"", ""message"": """"}, ""base_watts"": 75, ""model_type"": ""Fallback Physics"", ""real_watts"": 75.0, ""accuracy_tag"": ""Est. Accuracy"", ""predicted_hours"": 1.0, ""confidence_score"": 90.2, ""efficiency_score"": 1.0}, ""prediction"": 4.5}}",app,2026-01-20 14:45:49.18722,,,,,,,,,,
86f24328-ef03-4d1c-a11f-ad2be9a546ac,fe21aa46-8be4-40f8-92c3-b2fcb2085fc6,4,urban,summer,,,123.45,,,,,,"[{""details"": {""season"": ""summer"", ""fan_type"": ""standard"", ""n_occupants"": 4, ""location_type"": ""urban"", ""fan_star_rating"": 5, ""num_ceiling_fans"": 2, ""fan_hours_per_day"": 8.0}, ""total_bill"": 123.45, ""appliance_name"": ""ceiling_fan""}]","{""ceiling_fan"": {""status"": ""success"", ""details"": {""season"": ""summer"", ""fan_type"": ""standard"", ""n_occupants"": 4, ""location_type"": ""urban"", ""fan_star_rating"": 5, ""num_ceiling_fans"": 2, ""fan_hours_per_day"": 8.0}, ""insights"": {""source"": ""Pure_Physics_Fallback"", ""anomaly"": {""type"": ""None"", ""status"": ""Normal"", ""message"": """"}, ""base_watts"": 75, ""model_type"": ""Fallback Physics"", ""real_watts"": 75.0, ""accuracy_tag"": ""Est. Accuracy"", ""predicted_hours"": 1.0, ""confidence_score"": 90.2, ""efficiency_score"": 1.0}, ""prediction"": 4.5}}",app,2026-01-20 14:41:26.361554,,,,,,,,,,
8e547e86-5d2d-4efe-a408-b03742f158ef,768fc625-50cd-4e6d-93a7-f1a0632df2a8,15,independent,winter,85006,42503,759104,15,30,20,20,"[""air_conditioner"", ""washing_machine"", ""refrigerator"", ""geyser"", ""microwave"", ""induction"", ""mixer"", ""food_processor"", ""tv"", ""laptop"", ""iron"", ""vacuum"", ""hair_dryer"", ""pump"", ""desktop""]",{},,app,2026-02-02 08:43:21.036,,,,,,,,,,
b0379213-4102-4662-ba0f-fd3080799890,00000000-0000-0000-0000-000000000001,4,,summer,,,123.45,,,,,,,,app,2026-01-20 14:38:31.510757,,,,,,,,,,
bc63e7d1-d511-4178-8457-aa55911bf126,991fc4da-31bb-4551-b6e5-06ec93bc5fd0,6,independent,winter,250,125,1017.5,4,15,5,4,"[""mixer"", ""tv"", ""iron"", ""laptop"", ""fans"", ""led_lights"", ""refrigerator"", ""pump"", ""tube_lights""]","{""history"": [{""kwh"": 280, ""bill"": 1174, ""date"": ""2025-12-16T17:38:18.528Z"", ""mode"": ""Standard""}, {""kwh"": 250, ""bill"": 1017, ""date"": ""2026-01-29T18:45:24.549Z"", ""mode"": ""Standard""}], ""num_cfl"": 5, ""num_led"": 15, ""tv_size"": ""32"", ""tv_type"": ""LED"", ""num_fans"": 4, ""num_tube"": 4, ""tv_hours"": 6.5, ""led_hours"": 7, ""fridge_age"": ""3-5"", ""pump_hours"": 0, ""tube_hours"": 7, ""tv_pattern"": ""heavy"", ""fridge_star"": ""4-star"", ""led_pattern"": ""morning-evening"", ""mixer_hours"": 0.21, ""tv_category"": ""Heavy"", ""fridge_hours"": 24, ""laptop_hours"": 3, ""led_category"": ""Morning & evening"", ""pump_pattern"": ""minimal"", ""tube_pattern"": ""morning-evening"", ""tv_avg_hours"": 6.5, ""tv_max_hours"": 8, ""tv_min_hours"": 5, ""led_avg_hours"": 7, ""led_max_hours"": 8, ""led_min_hours"": 6, ""mixer_pattern"": ""rarely"", ""pump_category"": ""Minimal"", ""tube_category"": ""Morning & evening"", ""fridge_pattern"": ""always"", ""laptop_pattern"": ""light"", ""mixer_category"": ""Rarely"", ""pump_avg_hours"": 0.38, ""pump_max_hours"": 0.5, ""pump_min_hours"": 0.25, ""tube_avg_hours"": 7, ""tube_max_hours"": 8, ""tube_min_hours"": 6, ""fridge_capacity"": ""215L"", ""fridge_category"": ""Always running"", ""laptop_category"": ""Light"", ""mixer_avg_hours"": 0.21, ""mixer_max_hours"": 0.25, ""mixer_min_hours"": 0.17, ""fridge_avg_hours"": 24, ""fridge_max_hours"": 24, ""fridge_min_hours"": 24, ""laptop_avg_hours"": 3, ""laptop_max_hours"": 4, ""laptop_min_hours"": 2, ""usage_mode_Water Pump"": ""exact"", ""usage_mode_Refrigerator"": ""pattern""}",,app,2026-01-29 18:45:24.549,,7,6.5,0,0.21,24,,,"{""metrics"": {""model"": ""Hybrid AI-Physics"", ""accuracy"": ""High Accuracy"", ""confidence"": ""94.8""}, ""rawTotal"": 148.01206473945362, ""anomalies"": {}, ""breakdown"": [{""id"": ""fridge"", ""kwh"": 90.33676987358734, ""cost"": 368, ""name"": ""Refrigerator"", ""percentage"": 36.13470794943493, ""uncertainty"": 44.36116987358734}, {""id"": ""water_pump"", ""kwh"": 37.197328836856414, ""cost"": 151, ""name"": ""Water Pump"", ""percentage"": 14.878931534742565, ""uncertainty"": 13.280163057491277}, {""id"": ""system_overhead"", ""kwh"": 35.69577734119123, ""cost"": 145, ""name"": ""System & Unaccounted Load"", ""percentage"": 14.278310936476494, ""uncertainty"": 0}, {""id"": ""tube_light"", ""kwh"": 31.117022090510446, ""cost"": 127, ""name"": ""Tube Light"", ""percentage"": 12.446808836204179, ""uncertainty"": 10.332038035945015}, {""id"": ""led_light"", ""kwh"": 26.392838996918762, ""cost"": 107, ""name"": ""Led Light"", ""percentage"": 10.557135598767504, ""uncertainty"": 8.18196256545361}, {""id"": ""ceiling_fan"", ""kwh"": 10.218387780205918, ""cost"": 42, ""name"": ""Ceiling Fans"", ""percentage"": 4.087355112082367, ""uncertainty"": 2.1183877802059183}, {""id"": ""iron"", ""kwh"": 6.324903408054912, ""cost"": 26, ""name"": ""Iron"", ""percentage"": 2.5299613632219646, ""uncertainty"": 0.9249034080549114}, {""id"": ""laptop"", ""kwh"": 5.81503061188206, ""cost"": 24, ""name"": ""Laptop"", ""percentage"": 2.3260122447528238, ""uncertainty"": 0.9732986117695259}, {""id"": ""mixer_grinder"", ""kwh"": 4.926490879151554, ""cost"": 20, ""name"": ""Mixer Grinder"", ""percentage"": 1.9705963516606215, ""uncertainty"": 0.6739908791515535}, {""id"": ""television"", ""kwh"": 1.9754501816413714, ""cost"": 8, ""name"": ""Television"", ""percentage"": 0.7901800726565485, ""uncertainty"": 0.24745018164137156}], ""totalUsage"": 250, ""predictions"": {""iron"": 6, ""fridge"": 51.083999999999996, ""laptop"": 5.37970222234726, ""led_light"": 20.23430714607239, ""television"": 1.92, ""tube_light"": 23.094426727294923, ""water_pump"": 26.574628643739043, ""ceiling_fan"": 9, ""mixer_grinder"": 4.725}, ""billEstimate"": 1017.5, ""uncertainties"": {""iron"": 0.6000000000000001, ""fridge"": 5.1084, ""laptop"": 0.537970222234726, ""led_light"": 2.023430714607239, ""television"": 0.192, ""tube_light"": 2.3094426727294923, ""water_pump"": 2.6574628643739047, ""ceiling_fan"": 0.9, ""mixer_grinder"": 0.4725}}",
c319d6ae-83a8-426c-9129-55023f1fd428,00000000-0000-0000-0000-000000000000,4,,summer,,,123.45,,,,,,,,app,2026-01-20 14:33:25.915394,,,,,,,,,,
eedeb988-4279-49ac-9133-a28429c3b869,77a112c2-d0bd-427e-a33e-db088f264863,11,independent,winter,212,106,819,4,10,5,5,"[""refrigerator"", ""mixer"", ""tv"", ""laptop"", ""iron"", ""fans"", ""led_lights""]","{""num_cfl"": 5, ""num_led"": 10, ""num_fans"": 4, ""num_tube"": 5, ""tv_hours"": 4, ""led_hours"": 7, ""fridge_age"": ""1-3"", ""iron_hours"": 0.04, ""tv_pattern"": ""moderate"", ""fridge_star"": ""4-star"", ""fridge_type"": ""direct"", ""led_pattern"": ""morning-evening"", ""mixer_hours"": 0.21, ""tv_category"": ""Moderate"", ""iron_pattern"": ""weekly"", ""laptop_hours"": 3, ""led_category"": ""Morning & evening"", ""tv_avg_hours"": 4, ""tv_max_hours"": 5, ""tv_min_hours"": 3, ""iron_category"": ""Weekly 15 min"", ""led_avg_hours"": 7, ""led_max_hours"": 8, ""led_min_hours"": 6, ""mixer_pattern"": ""rarely"", ""iron_avg_hours"": 0.04, ""iron_max_hours"": 0.04, ""iron_min_hours"": 0.04, ""laptop_pattern"": ""light"", ""mixer_category"": ""Rarely"", ""fridge_capacity"": ""240L"", ""laptop_category"": ""Light"", ""mixer_avg_hours"": 0.21, ""mixer_max_hours"": 0.25, ""mixer_min_hours"": 0.17, ""laptop_avg_hours"": 3, ""laptop_max_hours"": 4, ""laptop_min_hours"": 2, ""usage_mode_Refrigerator"": ""pattern""}",,app,2025-12-04 16:02:07.302,,7,4,,0.21,,0.04,,"{""rawTotal"": 369.0505786895752, ""breakdown"": [{""kwh"": 313.92930858054285, ""cost"": 2052, ""name"": ""Refrigerator"", ""percentage"": 57.078056105553244, ""uncertainty"": 37.67151702966514}, {""kwh"": 160.95354791453659, ""cost"": 1051, ""name"": ""Ceiling Fans"", ""percentage"": 29.264281439006652, ""uncertainty"": 12.876283833162928}, {""kwh"": 31.296523205604334, ""cost"": 204, ""name"": ""Led Light"", ""percentage"": 5.6902769464735155, ""uncertainty"": 2.5037218564483465}, {""kwh"": 18.116221893905294, ""cost"": 118, ""name"": ""Television"", ""percentage"": 3.2938585261645987, ""uncertainty"": 2.1739466272686356}, {""kwh"": 10.529200307190095, ""cost"": 68, ""name"": ""Laptop"", ""percentage"": 1.9144000558527445, ""uncertainty"": 1.2635040368628114}, {""kwh"": 8.133480376959803, ""cost"": 53, ""name"": ""Iron"", ""percentage"": 1.4788146139926914, ""uncertainty"": 0.9760176452351762}, {""kwh"": 7.041717721260975, ""cost"": 45, ""name"": ""Mixer Grinder"", ""percentage"": 1.2803123129565408, ""uncertainty"": 0.5633374177008781}], ""predictions"": {""iron"": 5.457573890686035, ""fridge"": 210.6468963623047, ""laptop"": 7.0651044845581055, ""led_light"": 21, ""television"": 12.156003952026367, ""ceiling_fan"": 108, ""mixer_grinder"": 4.725}, ""uncertainties"": {""iron"": 0.6549088668823242, ""fridge"": 25.27762756347656, ""laptop"": 0.8478125381469727, ""led_light"": 1.68, ""television"": 1.458720474243164, ""ceiling_fan"": 8.64, ""mixer_grinder"": 0.378}, ""correctionFactor"": 1.4903106288383017}",
f5ce3ccd-fcc8-44dd-804c-337337fb5233,9b317617-6b1e-42b9-a11e-dc94e1944176,4,,,300,,,,,,,[],{},,app,2026-01-19 17:35:14.335,,,,,,,,,,